date,PCP,TAVG
1900-01-01 00:00:00,1.74,34.11
1900-02-01 00:00:00,2.52,30.76
1900-03-01 00:00:00,2.28,41.27
1900-04-01 00:00:00,3.41,51.6
1900-05-01 00:00:00,2.45,61.74
1900-06-01 00:00:00,3.03,70.3
1900-07-01 00:00:00,3.07,73.13
1900-08-01 00:00:00,2.42,72.86
1900-09-01 00:00:00,2.93,65.14
1900-10-01 00:00:00,2.75,56.35
1900-11-01 00:00:00,2.37,41.54
1900-12-01 00:00:00,1.66,34.48
1901-01-01 00:00:00,1.99,31.62
1901-02-01 00:00:00,2.13,29.86
1901-03-01 00:00:00,2.29,40.71
1901-04-01 00:00:00,2.53,49.39
1901-05-01 00:00:00,2.66,61.18
1901-06-01 00:00:00,2.6,68.43
1901-07-01 00:00:00,2.32,76.24
1901-08-01 00:00:00,2.97,73.2
1901-09-01 00:00:00,2.58,63.25
1901-10-01 00:00:00,1.51,55.45
1901-11-01 00:00:00,1.45,41.68
1901-12-01 00:00:00,2.6,31.48
1902-01-01 00:00:00,1.45,30.06
1902-02-01 00:00:00,2.56,31.46
1902-03-01 00:00:00,2.9,41.58
1902-04-01 00:00:00,1.85,50.85
1902-05-01 00:00:00,3.0,61.99
1902-06-01 00:00:00,2.89,68.04
1902-07-01 00:00:00,3.09,72.05
1902-08-01 00:00:00,2.3,71.37
1902-09-01 00:00:00,2.74,62.76
1902-10-01 00:00:00,1.93,54.43
1902-11-01 00:00:00,2.99,43.68
1902-12-01 00:00:00,2.93,30.79
1903-01-01 00:00:00,2.27,30.88
1903-02-01 00:00:00,3.03,28.42
1903-03-01 00:00:00,3.01,42.21
1903-04-01 00:00:00,1.99,50.22
1903-05-01 00:00:00,3.01,59.54
1903-06-01 00:00:00,2.88,65.89
1903-07-01 00:00:00,2.97,71.92
1903-08-01 00:00:00,3.04,70.97
1903-09-01 00:00:00,2.12,62.73
1903-10-01 00:00:00,1.77,53.94
1903-11-01 00:00:00,1.83,40.23
1903-12-01 00:00:00,1.44,30.54
1904-01-01 00:00:00,1.81,27.55
1904-02-01 00:00:00,2.43,31.59
1904-03-01 00:00:00,3.1,41.76
1904-04-01 00:00:00,2.12,49.46
1904-05-01 00:00:00,2.59,60.13
1904-06-01 00:00:00,3.11,67.26
1904-07-01 00:00:00,2.93,71.35
1904-08-01 00:00:00,2.69,70.72
1904-09-01 00:00:00,2.33,64.96
1904-10-01 00:00:00,1.66,53.92
1904-11-01 00:00:00,1.02,43.14
1904-12-01 00:00:00,2.16,32.02
1905-01-01 00:00:00,2.18,27.1
1905-02-01 00:00:00,2.35,26.94
1905-03-01 00:00:00,2.94,45.12
1905-04-01 00:00:00,2.8,50.49
1905-05-01 00:00:00,3.74,59.14
1905-06-01 00:00:00,3.3,68.0
1905-07-01 00:00:00,3.52,71.98
1905-08-01 00:00:00,2.54,72.37
1905-09-01 00:00:00,2.57,65.95
1905-10-01 00:00:00,2.17,51.64
1905-11-01 00:00:00,2.19,42.24
1905-12-01 00:00:00,2.3,30.99
1906-01-01 00:00:00,2.53,32.88
1906-02-01 00:00:00,1.72,33.69
1906-03-01 00:00:00,3.26,36.1
1906-04-01 00:00:00,2.08,52.72
1906-05-01 00:00:00,3.16,59.58
1906-06-01 00:00:00,3.04,67.32
1906-07-01 00:00:00,3.3,72.36
1906-08-01 00:00:00,3.39,71.85
1906-09-01 00:00:00,2.91,66.25
1906-10-01 00:00:00,2.08,52.54
1906-11-01 00:00:00,2.49,40.44
1906-12-01 00:00:00,2.88,34.97
1907-01-01 00:00:00,2.75,30.69
1907-02-01 00:00:00,1.82,35.46
1907-03-01 00:00:00,2.45,45.7
1907-04-01 00:00:00,2.32,47.53
1907-05-01 00:00:00,3.45,55.89
1907-06-01 00:00:00,3.12,65.7
1907-07-01 00:00:00,3.0,72.52
1907-08-01 00:00:00,2.55,70.79
1907-09-01 00:00:00,2.51,64.22
1907-10-01 00:00:00,2.03,53.78
1907-11-01 00:00:00,2.25,40.82
1907-12-01 00:00:00,2.69,34.7
1908-01-01 00:00:00,1.82,32.45
1908-02-01 00:00:00,2.81,33.01
1908-03-01 00:00:00,2.18,43.92
1908-04-01 00:00:00,2.69,52.75
1908-05-01 00:00:00,4.13,58.82
1908-06-01 00:00:00,3.02,66.92
1908-07-01 00:00:00,3.01,73.18
1908-08-01 00:00:00,2.88,70.68
1908-09-01 00:00:00,1.83,65.59
1908-10-01 00:00:00,2.03,51.76
1908-11-01 00:00:00,1.67,42.53
1908-12-01 00:00:00,1.73,33.31
1909-01-01 00:00:00,2.74,32.31
1909-02-01 00:00:00,2.88,35.02
1909-03-01 00:00:00,2.21,40.35
1909-04-01 00:00:00,2.28,48.96
1909-05-01 00:00:00,3.04,58.14
1909-06-01 00:00:00,3.23,68.94
1909-07-01 00:00:00,3.03,72.63
1909-08-01 00:00:00,2.41,72.93
1909-09-01 00:00:00,2.28,64.4
1909-10-01 00:00:00,1.54,52.88
1909-11-01 00:00:00,2.95,45.03
1909-12-01 00:00:00,2.6,25.61
1910-01-01 00:00:00,2.15,29.61
1910-02-01 00:00:00,2.11,29.3
1910-03-01 00:00:00,1.02,49.44
1910-04-01 00:00:00,2.06,53.62
1910-05-01 00:00:00,2.59,59.22
1910-06-01 00:00:00,2.48,68.29
1910-07-01 00:00:00,2.59,74.12
1910-08-01 00:00:00,2.25,71.11
1910-09-01 00:00:00,2.17,65.68
1910-10-01 00:00:00,2.04,55.62
1910-11-01 00:00:00,1.76,41.13
1910-12-01 00:00:00,1.69,31.93
1911-01-01 00:00:00,2.44,32.9
1911-02-01 00:00:00,2.13,33.66
1911-03-01 00:00:00,1.71,44.02
1911-04-01 00:00:00,2.85,50.0
1911-05-01 00:00:00,1.97,61.21
1911-06-01 00:00:00,2.2,70.75
1911-07-01 00:00:00,2.86,72.68
1911-08-01 00:00:00,3.06,70.9
1911-09-01 00:00:00,2.75,66.09
1911-10-01 00:00:00,2.49,52.66
1911-11-01 00:00:00,2.11,37.27
1911-12-01 00:00:00,2.95,32.2
1912-01-01 00:00:00,1.95,24.76
1912-02-01 00:00:00,1.9,31.08
1912-03-01 00:00:00,3.39,35.76
1912-04-01 00:00:00,3.34,50.58
1912-05-01 00:00:00,2.89,60.48
1912-06-01 00:00:00,2.71,66.7
1912-07-01 00:00:00,2.99,72.25
1912-08-01 00:00:00,3.05,70.12
1912-09-01 00:00:00,2.51,62.73
1912-10-01 00:00:00,2.13,53.17
1912-11-01 00:00:00,1.52,42.21
1912-12-01 00:00:00,2.1,32.95
1913-01-01 00:00:00,2.87,30.47
1913-02-01 00:00:00,1.9,29.5
1913-03-01 00:00:00,2.99,38.71
1913-04-01 00:00:00,2.05,51.39
1913-05-01 00:00:00,2.51,60.13
1913-06-01 00:00:00,2.71,68.22
1913-07-01 00:00:00,2.64,73.0
1913-08-01 00:00:00,1.9,73.36
1913-09-01 00:00:00,3.13,63.64
1913-10-01 00:00:00,2.52,51.64
1913-11-01 00:00:00,2.31,45.12
1913-12-01 00:00:00,2.31,33.33
1914-01-01 00:00:00,2.5,34.5
1914-02-01 00:00:00,2.08,29.52
1914-03-01 00:00:00,1.85,40.75
1914-04-01 00:00:00,2.73,51.04
1914-05-01 00:00:00,2.48,61.14
1914-06-01 00:00:00,2.85,69.35
1914-07-01 00:00:00,2.45,74.08
1914-08-01 00:00:00,3.17,71.69
1914-09-01 00:00:00,2.18,64.58
1914-10-01 00:00:00,2.51,55.24
1914-11-01 00:00:00,1.51,43.41
1914-12-01 00:00:00,2.5,26.78
1915-01-01 00:00:00,2.75,28.44
1915-02-01 00:00:00,2.77,35.94
1915-03-01 00:00:00,1.51,36.95
1915-04-01 00:00:00,2.32,54.57
1915-05-01 00:00:00,3.89,58.17
1915-06-01 00:00:00,3.18,66.07
1915-07-01 00:00:00,3.57,71.01
1915-08-01 00:00:00,3.43,70.16
1915-09-01 00:00:00,2.77,64.42
1915-10-01 00:00:00,1.85,55.35
1915-11-01 00:00:00,2.1,43.11
1915-12-01 00:00:00,2.63,33.17
1916-01-01 00:00:00,3.79,28.22
1916-02-01 00:00:00,1.77,33.03
1916-03-01 00:00:00,2.13,42.15
1916-04-01 00:00:00,2.09,50.25
1916-05-01 00:00:00,2.88,59.31
1916-06-01 00:00:00,3.24,66.31
1916-07-01 00:00:00,3.22,74.28
1916-08-01 00:00:00,2.53,71.82
1916-09-01 00:00:00,1.98,63.5
1916-10-01 00:00:00,2.1,52.14
1916-11-01 00:00:00,1.51,40.23
1916-12-01 00:00:00,2.18,28.94
1917-01-01 00:00:00,2.19,28.27
1917-02-01 00:00:00,1.81,30.09
1917-03-01 00:00:00,2.48,38.35
1917-04-01 00:00:00,2.68,48.63
1917-05-01 00:00:00,2.64,55.13
1917-06-01 00:00:00,2.44,66.97
1917-07-01 00:00:00,2.51,74.61
1917-08-01 00:00:00,2.44,71.02
1917-09-01 00:00:00,2.17,64.09
1917-10-01 00:00:00,1.38,50.41
1917-11-01 00:00:00,0.95,43.54
1917-12-01 00:00:00,1.66,29.64
1918-01-01 00:00:00,2.41,23.86
1918-02-01 00:00:00,1.72,33.82
1918-03-01 00:00:00,1.85,45.75
1918-04-01 00:00:00,2.82,49.03
1918-05-01 00:00:00,2.59,60.8
1918-06-01 00:00:00,2.25,71.15
1918-07-01 00:00:00,2.33,72.45
1918-08-01 00:00:00,2.47,72.5
1918-09-01 00:00:00,2.44,61.92
1918-10-01 00:00:00,2.92,56.17
1918-11-01 00:00:00,2.32,40.51
1918-12-01 00:00:00,2.66,34.45
1919-01-01 00:00:00,1.91,31.82
1919-02-01 00:00:00,2.64,32.25
1919-03-01 00:00:00,2.71,40.89
1919-04-01 00:00:00,2.41,51.35
1919-05-01 00:00:00,3.2,60.03
1919-06-01 00:00:00,2.97,69.3
1919-07-01 00:00:00,3.04,74.35
1919-08-01 00:00:00,2.48,72.27
1919-09-01 00:00:00,2.34,65.64
1919-10-01 00:00:00,3.45,52.59
1919-11-01 00:00:00,2.8,39.31
1919-12-01 00:00:00,1.81,28.78
1920-01-01 00:00:00,2.21,29.23
1920-02-01 00:00:00,1.61,33.69
1920-03-01 00:00:00,2.78,40.28
1920-04-01 00:00:00,3.3,46.78
1920-05-01 00:00:00,2.79,59.31
1920-06-01 00:00:00,2.89,67.37
1920-07-01 00:00:00,2.7,72.7
1920-08-01 00:00:00,3.4,70.63
1920-09-01 00:00:00,2.44,65.44
1920-10-01 00:00:00,2.17,54.63
1920-11-01 00:00:00,2.26,39.7
1920-12-01 00:00:00,2.75,33.13
1921-01-01 00:00:00,2.11,34.36
1921-02-01 00:00:00,1.77,36.9
1921-03-01 00:00:00,2.52,46.63
1921-04-01 00:00:00,2.79,51.01
1921-05-01 00:00:00,2.55,60.1
1921-06-01 00:00:00,2.9,70.36
1921-07-01 00:00:00,2.86,74.66
1921-08-01 00:00:00,2.6,72.03
1921-09-01 00:00:00,2.57,66.54
1921-10-01 00:00:00,1.46,55.35
1921-11-01 00:00:00,2.41,42.58
1921-12-01 00:00:00,2.24,35.08
1922-01-01 00:00:00,2.03,26.8
1922-02-01 00:00:00,2.44,31.95
1922-03-01 00:00:00,3.46,40.42
1922-04-01 00:00:00,3.08,50.31
1922-05-01 00:00:00,3.11,61.18
1922-06-01 00:00:00,2.7,70.14
1922-07-01 00:00:00,2.89,73.0
1922-08-01 00:00:00,2.23,72.81
1922-09-01 00:00:00,1.47,67.28
1922-10-01 00:00:00,1.73,55.02
1922-11-01 00:00:00,2.08,41.86
1922-12-01 00:00:00,2.67,33.55
1923-01-01 00:00:00,2.44,34.59
1923-02-01 00:00:00,1.86,29.57
1923-03-01 00:00:00,2.42,38.3
1923-04-01 00:00:00,2.84,49.91
1923-05-01 00:00:00,3.13,59.52
1923-06-01 00:00:00,3.3,68.04
1923-07-01 00:00:00,2.7,73.76
1923-08-01 00:00:00,2.92,71.11
1923-09-01 00:00:00,2.83,65.07
1923-10-01 00:00:00,2.53,51.24
1923-11-01 00:00:00,1.88,42.58
1923-12-01 00:00:00,2.83,35.98
1924-01-01 00:00:00,2.0,26.26
1924-02-01 00:00:00,1.83,35.19
1924-03-01 00:00:00,2.22,37.18
1924-04-01 00:00:00,2.26,50.27
1924-05-01 00:00:00,2.42,57.9
1924-06-01 00:00:00,2.77,68.59
1924-07-01 00:00:00,2.37,71.89
1924-08-01 00:00:00,2.21,72.07
1924-09-01 00:00:00,2.92,62.74
1924-10-01 00:00:00,1.53,54.97
1924-11-01 00:00:00,1.37,42.4
1924-12-01 00:00:00,2.62,27.59
1925-01-01 00:00:00,2.29,29.08
1925-02-01 00:00:00,1.78,38.3
1925-03-01 00:00:00,1.56,44.24
1925-04-01 00:00:00,2.1,54.72
1925-05-01 00:00:00,1.92,60.01
1925-06-01 00:00:00,2.91,69.84
1925-07-01 00:00:00,2.65,74.14
1925-08-01 00:00:00,2.06,71.4
1925-09-01 00:00:00,2.88,66.67
1925-10-01 00:00:00,2.99,48.92
1925-11-01 00:00:00,2.16,40.41
1925-12-01 00:00:00,1.66,32.5
1926-01-01 00:00:00,2.36,30.31
1926-02-01 00:00:00,2.05,37.67
1926-03-01 00:00:00,2.31,39.65
1926-04-01 00:00:00,2.18,50.04
1926-05-01 00:00:00,2.21,61.02
1926-06-01 00:00:00,2.49,68.2
1926-07-01 00:00:00,2.86,73.36
1926-08-01 00:00:00,3.22,72.34
1926-09-01 00:00:00,3.23,64.11
1926-10-01 00:00:00,2.49,54.95
1926-11-01 00:00:00,2.87,40.46
1926-12-01 00:00:00,2.67,31.33
1927-01-01 00:00:00,1.77,31.55
1927-02-01 00:00:00,2.72,37.9
1927-03-01 00:00:00,2.59,42.26
1927-04-01 00:00:00,3.05,51.58
1927-05-01 00:00:00,2.99,59.76
1927-06-01 00:00:00,3.12,67.21
1927-07-01 00:00:00,2.84,72.68
1927-08-01 00:00:00,2.72,69.37
1927-09-01 00:00:00,2.48,64.98
1927-10-01 00:00:00,2.35,55.9
1927-11-01 00:00:00,2.75,44.35
1927-12-01 00:00:00,2.68,28.22
1928-01-01 00:00:00,1.28,31.98
1928-02-01 00:00:00,1.84,34.34
1928-03-01 00:00:00,2.39,43.12
1928-04-01 00:00:00,2.92,48.06
1928-05-01 00:00:00,2.34,61.52
1928-06-01 00:00:00,4.28,65.91
1928-07-01 00:00:00,3.07,73.4
1928-08-01 00:00:00,3.15,71.82
1928-09-01 00:00:00,2.11,63.27
1928-10-01 00:00:00,2.23,55.08
1928-11-01 00:00:00,2.15,41.58
1928-12-01 00:00:00,1.74,32.94
1929-01-01 00:00:00,2.36,26.31
1929-02-01 00:00:00,2.02,26.92
1929-03-01 00:00:00,2.81,43.56
1929-04-01 00:00:00,2.93,51.17
1929-05-01 00:00:00,3.51,58.86
1929-06-01 00:00:00,2.63,67.5
1929-07-01 00:00:00,2.57,73.6
1929-08-01 00:00:00,1.8,72.63
1929-09-01 00:00:00,2.75,63.41
1929-10-01 00:00:00,2.6,53.92
1929-11-01 00:00:00,1.96,38.41
1929-12-01 00:00:00,2.21,33.96
1930-01-01 00:00:00,2.58,23.54
1930-02-01 00:00:00,1.74,40.1
1930-03-01 00:00:00,1.98,40.41
1930-04-01 00:00:00,1.83,54.41
1930-05-01 00:00:00,3.17,59.23
1930-06-01 00:00:00,2.33,68.41
1930-07-01 00:00:00,1.79,75.04
1930-08-01 00:00:00,1.96,72.9
1930-09-01 00:00:00,2.33,65.75
1930-10-01 00:00:00,2.31,51.69
1930-11-01 00:00:00,2.28,41.09
1930-12-01 00:00:00,1.28,31.17
1931-01-01 00:00:00,1.56,32.99
1931-02-01 00:00:00,1.84,37.94
1931-03-01 00:00:00,2.31,39.42
1931-04-01 00:00:00,2.07,51.06
1931-05-01 00:00:00,2.29,59.43
1931-06-01 00:00:00,2.14,70.7
1931-07-01 00:00:00,2.71,75.81
1931-08-01 00:00:00,2.72,71.96
1931-09-01 00:00:00,2.06,68.13
1931-10-01 00:00:00,1.9,56.57
1931-11-01 00:00:00,2.54,43.38
1931-12-01 00:00:00,3.38,35.06
1932-01-01 00:00:00,3.25,31.55
1932-02-01 00:00:00,2.23,36.7
1932-03-01 00:00:00,2.31,37.36
1932-04-01 00:00:00,2.14,51.6
1932-05-01 00:00:00,2.42,60.51
1932-06-01 00:00:00,3.06,69.24
1932-07-01 00:00:00,2.6,74.1
1932-08-01 00:00:00,2.85,72.57
1932-09-01 00:00:00,2.16,64.69
1932-10-01 00:00:00,2.48,52.32
1932-11-01 00:00:00,2.02,40.75
1932-12-01 00:00:00,2.92,29.41
1933-01-01 00:00:00,2.25,34.3
1933-02-01 00:00:00,1.94,29.59
1933-03-01 00:00:00,2.47,41.83
1933-04-01 00:00:00,2.54,49.84
1933-05-01 00:00:00,3.39,59.83
1933-06-01 00:00:00,1.45,71.56
1933-07-01 00:00:00,2.83,75.13
1933-08-01 00:00:00,2.86,71.92
1933-09-01 00:00:00,2.4,67.73
1933-10-01 00:00:00,1.66,55.2
1933-11-01 00:00:00,1.05,42.53
1933-12-01 00:00:00,2.66,36.43
1934-01-01 00:00:00,1.82,35.08
1934-02-01 00:00:00,1.65,34.32
1934-03-01 00:00:00,2.34,42.78
1934-04-01 00:00:00,1.77,53.74
1934-05-01 00:00:00,1.81,64.71
1934-06-01 00:00:00,2.59,70.68
1934-07-01 00:00:00,2.07,76.37
1934-08-01 00:00:00,2.26,73.53
1934-09-01 00:00:00,2.87,63.84
1934-10-01 00:00:00,1.69,56.52
1934-11-01 00:00:00,3.0,45.01
1934-12-01 00:00:00,1.92,32.67
1935-01-01 00:00:00,2.4,31.51
1935-02-01 00:00:00,1.7,36.01
1935-03-01 00:00:00,2.74,43.61
1935-04-01 00:00:00,2.73,49.71
1935-05-01 00:00:00,3.72,57.33
1935-06-01 00:00:00,3.19,67.64
1935-07-01 00:00:00,2.65,75.13
1935-08-01 00:00:00,2.46,72.99
1935-09-01 00:00:00,2.46,64.8
1935-10-01 00:00:00,1.62,53.8
1935-11-01 00:00:00,2.04,39.49
1935-12-01 00:00:00,1.77,30.74
1936-01-01 00:00:00,2.88,27.36
1936-02-01 00:00:00,2.62,25.23
1936-03-01 00:00:00,2.1,43.43
1936-04-01 00:00:00,2.0,50.22
1936-05-01 00:00:00,2.25,63.46
1936-06-01 00:00:00,1.91,70.61
1936-07-01 00:00:00,2.31,76.8
1936-08-01 00:00:00,2.21,74.59
1936-09-01 00:00:00,2.99,66.36
1936-10-01 00:00:00,2.08,53.49
1936-11-01 00:00:00,1.14,39.81
1936-12-01 00:00:00,2.79,34.47
1937-01-01 00:00:00,3.65,24.84
1937-02-01 00:00:00,2.22,31.73
1937-03-01 00:00:00,2.15,38.84
1937-04-01 00:00:00,2.68,50.11
1937-05-01 00:00:00,2.33,61.93
1937-06-01 00:00:00,3.11,68.79
1937-07-01 00:00:00,2.62,74.59
1937-08-01 00:00:00,2.55,74.66
1937-09-01 00:00:00,2.0,65.7
1937-10-01 00:00:00,2.61,53.89
1937-11-01 00:00:00,2.16,40.82
1937-12-01 00:00:00,2.43,32.7
1938-01-01 00:00:00,2.11,32.14
1938-02-01 00:00:00,2.41,36.0
1938-03-01 00:00:00,3.3,45.01
1938-04-01 00:00:00,2.69,51.73
1938-05-01 00:00:00,3.24,59.85
1938-06-01 00:00:00,3.12,68.77
1938-07-01 00:00:00,3.34,73.78
1938-08-01 00:00:00,2.06,73.72
1938-09-01 00:00:00,2.45,66.63
1938-10-01 00:00:00,1.3,56.41
1938-11-01 00:00:00,2.01,39.94
1938-12-01 00:00:00,1.71,34.21
1939-01-01 00:00:00,2.49,33.91
1939-02-01 00:00:00,2.93,29.98
1939-03-01 00:00:00,2.07,42.51
1939-04-01 00:00:00,2.16,51.53
1939-05-01 00:00:00,2.2,62.71
1939-06-01 00:00:00,3.32,68.86
1939-07-01 00:00:00,2.36,74.88
1939-08-01 00:00:00,2.71,72.64
1939-09-01 00:00:00,1.62,67.37
1939-10-01 00:00:00,1.6,54.72
1939-11-01 00:00:00,0.99,42.3
1939-12-01 00:00:00,1.88,37.72
1940-01-01 00:00:00,1.93,23.83
1940-02-01 00:00:00,2.98,33.85
1940-03-01 00:00:00,2.27,41.52
1940-04-01 00:00:00,3.04,50.23
1940-05-01 00:00:00,2.22,60.85
1940-06-01 00:00:00,2.98,69.6
1940-07-01 00:00:00,2.5,74.14
1940-08-01 00:00:00,2.97,72.14
1940-09-01 00:00:00,2.0,65.35
1940-10-01 00:00:00,1.77,56.08
1940-11-01 00:00:00,2.91,39.0
1940-12-01 00:00:00,2.84,36.05
1941-01-01 00:00:00,2.08,32.2
1941-02-01 00:00:00,1.77,33.53
1941-03-01 00:00:00,2.09,39.2
1941-04-01 00:00:00,3.01,52.02
1941-05-01 00:00:00,2.67,62.33
1941-06-01 00:00:00,3.8,67.8
1941-07-01 00:00:00,3.15,73.98
1941-08-01 00:00:00,2.78,72.07
1941-09-01 00:00:00,3.16,64.53
1941-10-01 00:00:00,3.77,55.2
1941-11-01 00:00:00,1.72,42.91
1941-12-01 00:00:00,2.81,36.12
1942-01-01 00:00:00,1.58,29.84
1942-02-01 00:00:00,2.0,30.74
1942-03-01 00:00:00,2.46,41.31
1942-04-01 00:00:00,2.84,53.06
1942-05-01 00:00:00,3.16,59.09
1942-06-01 00:00:00,3.46,67.91
1942-07-01 00:00:00,2.52,73.96
1942-08-01 00:00:00,3.16,71.78
1942-09-01 00:00:00,2.7,63.66
1942-10-01 00:00:00,2.1,54.57
1942-11-01 00:00:00,2.35,43.16
1942-12-01 00:00:00,3.0,32.97
1943-01-01 00:00:00,2.23,29.41
1943-02-01 00:00:00,1.25,36.28
1943-03-01 00:00:00,2.88,38.5
1943-04-01 00:00:00,2.13,52.88
1943-05-01 00:00:00,3.39,59.72
1943-06-01 00:00:00,3.27,68.77
1943-07-01 00:00:00,2.57,74.26
1943-08-01 00:00:00,2.12,73.45
1943-09-01 00:00:00,1.89,64.33
1943-10-01 00:00:00,1.9,53.69
1943-11-01 00:00:00,1.44,40.91
1943-12-01 00:00:00,1.74,32.59
1944-01-01 00:00:00,1.88,32.02
1944-02-01 00:00:00,2.66,34.5
1944-03-01 00:00:00,3.03,38.5
1944-04-01 00:00:00,3.3,48.97
1944-05-01 00:00:00,3.0,62.02
1944-06-01 00:00:00,3.01,68.36
1944-07-01 00:00:00,2.31,72.79
1944-08-01 00:00:00,2.96,72.1
1944-09-01 00:00:00,2.39,65.26
1944-10-01 00:00:00,1.34,55.27
1944-11-01 00:00:00,2.68,41.5
1944-12-01 00:00:00,2.06,30.67
1945-01-01 00:00:00,1.8,30.49
1945-02-01 00:00:00,2.75,35.28
1945-03-01 00:00:00,3.12,45.54
1945-04-01 00:00:00,3.05,50.22
1945-05-01 00:00:00,2.87,58.28
1945-06-01 00:00:00,3.41,65.88
1945-07-01 00:00:00,3.05,72.93
1945-08-01 00:00:00,2.6,72.16
1945-09-01 00:00:00,3.44,64.99
1945-10-01 00:00:00,2.0,54.14
1945-11-01 00:00:00,2.24,42.01
1945-12-01 00:00:00,2.7,29.08
1946-01-01 00:00:00,2.54,31.39
1946-02-01 00:00:00,2.06,34.88
1946-03-01 00:00:00,2.67,46.78
1946-04-01 00:00:00,1.66,54.61
1946-05-01 00:00:00,3.75,58.75
1946-06-01 00:00:00,2.88,68.32
1946-07-01 00:00:00,2.57,73.85
1946-08-01 00:00:00,2.58,71.17
1946-09-01 00:00:00,2.64,64.54
1946-10-01 00:00:00,2.72,53.15
1946-11-01 00:00:00,3.08,41.74
1946-12-01 00:00:00,1.94,36.18
1947-01-01 00:00:00,2.43,31.78
1947-02-01 00:00:00,1.03,31.41
1947-03-01 00:00:00,2.27,38.75
1947-04-01 00:00:00,3.01,50.95
1947-05-01 00:00:00,3.19,60.13
1947-06-01 00:00:00,3.83,66.72
1947-07-01 00:00:00,1.99,72.81
1947-08-01 00:00:00,2.39,74.08
1947-09-01 00:00:00,2.16,66.54
1947-10-01 00:00:00,2.28,58.8
1947-11-01 00:00:00,2.78,38.1
1947-12-01 00:00:00,1.99,32.92
1948-01-01 00:00:00,1.98,27.88
1948-02-01 00:00:00,2.54,31.62
1948-03-01 00:00:00,3.0,38.71
1948-04-01 00:00:00,2.54,53.35
1948-05-01 00:00:00,2.77,60.24
1948-06-01 00:00:00,3.23,68.76
1948-07-01 00:00:00,3.06,73.26
1948-08-01 00:00:00,2.24,72.05
1948-09-01 00:00:00,1.81,66.07
1948-10-01 00:00:00,1.54,53.19
1948-11-01 00:00:00,3.39,41.59
1948-12-01 00:00:00,2.59,32.58
1949-01-01 00:00:00,3.16,25.92
1949-02-01 00:00:00,2.4,31.91
1949-03-01 00:00:00,2.47,40.77
1949-04-01 00:00:00,2.09,52.07
1949-05-01 00:00:00,2.98,61.72
1949-06-01 00:00:00,3.2,69.24
1949-07-01 00:00:00,3.08,74.21
1949-08-01 00:00:00,2.49,72.1
1949-09-01 00:00:00,2.22,63.73
1949-10-01 00:00:00,2.8,54.05
1949-11-01 00:00:00,1.19,45.27
1949-12-01 00:00:00,2.22,33.26
1950-01-01 00:00:00,3.36,30.43
1950-02-01 00:00:00,2.23,35.55
1950-03-01 00:00:00,2.49,38.84
1950-04-01 00:00:00,2.08,48.65
1950-05-01 00:00:00,2.88,59.45
1950-06-01 00:00:00,2.8,67.93
1950-07-01 00:00:00,3.86,71.22
1950-08-01 00:00:00,2.55,70.02
1950-09-01 00:00:00,2.69,63.5
1950-10-01 00:00:00,1.9,57.47
1950-11-01 00:00:00,2.1,40.64
1950-12-01 00:00:00,1.93,33.01
1951-01-01 00:00:00,2.34,30.2
1951-02-01 00:00:00,2.27,34.54
1951-03-01 00:00:00,2.6,38.55
1951-04-01 00:00:00,2.35,49.73
1951-05-01 00:00:00,2.37,60.76
1951-06-01 00:00:00,3.44,66.65
1951-07-01 00:00:00,2.85,73.69
1951-08-01 00:00:00,2.61,71.89
1951-09-01 00:00:00,2.57,64.09
1951-10-01 00:00:00,2.3,54.0
1951-11-01 00:00:00,2.43,38.08
1951-12-01 00:00:00,3.12,31.23
1952-01-01 00:00:00,2.44,32.0
1952-02-01 00:00:00,2.0,35.46
1952-03-01 00:00:00,2.93,37.69
1952-04-01 00:00:00,2.4,51.66
1952-05-01 00:00:00,2.69,60.58
1952-06-01 00:00:00,2.2,70.75
1952-07-01 00:00:00,2.39,74.1
1952-08-01 00:00:00,2.62,72.82
1952-09-01 00:00:00,1.53,65.89
1952-10-01 00:00:00,0.54,52.95
1952-11-01 00:00:00,2.15,39.92
1952-12-01 00:00:00,2.45,33.44
1953-01-01 00:00:00,2.64,36.43
1953-02-01 00:00:00,2.06,35.87
1953-03-01 00:00:00,2.61,43.75
1953-04-01 00:00:00,2.96,48.76
1953-05-01 00:00:00,3.26,59.18
1953-06-01 00:00:00,2.54,70.18
1953-07-01 00:00:00,2.65,74.17
1953-08-01 00:00:00,2.29,72.1
1953-09-01 00:00:00,1.5,66.16
1953-10-01 00:00:00,1.51,56.21
1953-11-01 00:00:00,1.79,43.88
1953-12-01 00:00:00,2.5,33.69
1954-01-01 00:00:00,2.54,30.9
1954-02-01 00:00:00,1.49,41.41
1954-03-01 00:00:00,2.16,39.25
1954-04-01 00:00:00,2.4,54.18
1954-05-01 00:00:00,2.69,58.59
1954-06-01 00:00:00,2.5,68.85
1954-07-01 00:00:00,2.01,75.47
1954-08-01 00:00:00,2.52,72.18
1954-09-01 00:00:00,1.95,66.45
1954-10-01 00:00:00,2.35,54.68
1954-11-01 00:00:00,1.54,44.06
1954-12-01 00:00:00,2.0,33.91
1955-01-01 00:00:00,1.69,29.35
1955-02-01 00:00:00,2.22,31.05
1955-03-01 00:00:00,1.98,40.06
1955-04-01 00:00:00,2.49,52.86
1955-05-01 00:00:00,2.92,61.29
1955-06-01 00:00:00,2.47,66.54
1955-07-01 00:00:00,2.92,74.44
1955-08-01 00:00:00,2.74,73.87
1955-09-01 00:00:00,2.11,65.88
1955-10-01 00:00:00,2.04,55.04
1955-11-01 00:00:00,1.92,38.23
1955-12-01 00:00:00,2.24,31.71
1956-01-01 00:00:00,2.27,31.01
1956-02-01 00:00:00,2.62,32.27
1956-03-01 00:00:00,1.82,40.75
1956-04-01 00:00:00,2.07,49.37
1956-05-01 00:00:00,2.6,61.77
1956-06-01 00:00:00,2.21,70.36
1956-07-01 00:00:00,2.78,73.06
1956-08-01 00:00:00,2.21,71.69
1956-09-01 00:00:00,1.44,65.1
1956-10-01 00:00:00,2.0,56.16
1956-11-01 00:00:00,1.36,40.32
1956-12-01 00:00:00,2.0,36.23
1957-01-01 00:00:00,2.13,27.07
1957-02-01 00:00:00,2.08,38.07
1957-03-01 00:00:00,2.51,41.27
1957-04-01 00:00:00,3.65,50.7
1957-05-01 00:00:00,4.24,59.65
1957-06-01 00:00:00,3.65,68.7
1957-07-01 00:00:00,2.28,74.28
1957-08-01 00:00:00,2.19,71.65
1957-09-01 00:00:00,2.86,64.18
1957-10-01 00:00:00,2.76,51.67
1957-11-01 00:00:00,3.12,40.26
1957-12-01 00:00:00,2.4,37.0
1958-01-01 00:00:00,2.29,31.6
1958-02-01 00:00:00,2.43,31.98
1958-03-01 00:00:00,2.66,37.67
1958-04-01 00:00:00,3.05,50.27
1958-05-01 00:00:00,2.46,62.42
1958-06-01 00:00:00,3.2,67.93
1958-07-01 00:00:00,3.86,72.63
1958-08-01 00:00:00,2.4,73.29
1958-09-01 00:00:00,2.82,65.43
1958-10-01 00:00:00,1.53,54.73
1958-11-01 00:00:00,2.21,43.02
1958-12-01 00:00:00,1.32,32.22
1959-01-01 00:00:00,2.19,29.5
1959-02-01 00:00:00,2.35,32.49
1959-03-01 00:00:00,2.14,41.45
1959-04-01 00:00:00,2.14,51.6
1959-05-01 00:00:00,3.2,60.84
1959-06-01 00:00:00,2.62,69.96
1959-07-01 00:00:00,2.94,73.58
1959-08-01 00:00:00,2.76,73.17
1959-09-01 00:00:00,2.82,64.74
1959-10-01 00:00:00,3.5,53.33
1959-11-01 00:00:00,1.72,38.66
1959-12-01 00:00:00,2.22,35.94
1960-01-01 00:00:00,2.26,29.46
1960-02-01 00:00:00,2.59,30.52
1960-03-01 00:00:00,2.12,35.91
1960-04-01 00:00:00,2.15,52.59
1960-05-01 00:00:00,2.87,59.31
1960-06-01 00:00:00,2.69,69.08
1960-07-01 00:00:00,2.68,73.89
1960-08-01 00:00:00,2.83,72.21
1960-09-01 00:00:00,2.21,66.45
1960-10-01 00:00:00,2.4,54.77
1960-11-01 00:00:00,2.05,42.73
1960-12-01 00:00:00,1.9,30.4
1961-01-01 00:00:00,1.48,29.71
1961-02-01 00:00:00,2.78,37.42
1961-03-01 00:00:00,3.16,43.47
1961-04-01 00:00:00,2.3,48.67
1961-05-01 00:00:00,2.88,58.87
1961-06-01 00:00:00,2.92,69.49
1961-07-01 00:00:00,3.11,73.24
1961-08-01 00:00:00,2.62,72.7
1961-09-01 00:00:00,2.94,63.41
1961-10-01 00:00:00,1.78,53.85
1961-11-01 00:00:00,2.59,40.5
1961-12-01 00:00:00,2.69,31.08
1962-01-01 00:00:00,2.21,26.96
1962-02-01 00:00:00,2.55,34.92
1962-03-01 00:00:00,2.15,37.9
1962-04-01 00:00:00,2.1,51.84
1962-05-01 00:00:00,2.69,62.24
1962-06-01 00:00:00,3.21,67.91
1962-07-01 00:00:00,2.91,72.07
1962-08-01 00:00:00,2.04,72.12
1962-09-01 00:00:00,2.78,64.18
1962-10-01 00:00:00,2.33,56.12
1962-11-01 00:00:00,2.05,43.18
1962-12-01 00:00:00,1.58,33.4
1963-01-01 00:00:00,1.57,24.44
1963-02-01 00:00:00,1.73,34.12
1963-03-01 00:00:00,2.47,43.72
1963-04-01 00:00:00,2.3,51.89
1963-05-01 00:00:00,2.36,61.02
1963-06-01 00:00:00,2.94,68.67
1963-07-01 00:00:00,2.69,73.6
1963-08-01 00:00:00,2.33,71.98
1963-09-01 00:00:00,2.21,66.34
1963-10-01 00:00:00,0.96,59.36
1963-11-01 00:00:00,2.66,44.04
1963-12-01 00:00:00,1.48,27.9
1964-01-01 00:00:00,2.43,31.53
1964-02-01 00:00:00,1.56,31.77
1964-03-01 00:00:00,2.83,38.82
1964-04-01 00:00:00,3.29,51.3
1964-05-01 00:00:00,2.25,61.43
1964-06-01 00:00:00,2.81,68.0
1964-07-01 00:00:00,2.61,74.66
1964-08-01 00:00:00,2.87,70.72
1964-09-01 00:00:00,2.54,63.7
1964-10-01 00:00:00,1.36,53.78
1964-11-01 00:00:00,2.38,42.33
1964-12-01 00:00:00,3.33,32.04
1965-01-01 00:00:00,2.34,31.8
1965-02-01 00:00:00,2.16,32.52
1965-03-01 00:00:00,2.16,35.44
1965-04-01 00:00:00,2.52,51.89
1965-05-01 00:00:00,2.71,60.8
1965-06-01 00:00:00,3.24,66.85
1965-07-01 00:00:00,2.73,72.61
1965-08-01 00:00:00,2.8,71.06
1965-09-01 00:00:00,3.53,61.77
1965-10-01 00:00:00,1.45,54.99
1965-11-01 00:00:00,2.0,44.65
1965-12-01 00:00:00,2.16,35.85
1966-01-01 00:00:00,2.36,26.38
1966-02-01 00:00:00,2.34,31.24
1966-03-01 00:00:00,1.61,43.0
1966-04-01 00:00:00,2.49,49.96
1966-05-01 00:00:00,2.24,60.19
1966-06-01 00:00:00,2.24,67.93
1966-07-01 00:00:00,2.41,75.07
1966-08-01 00:00:00,3.11,70.86
1966-09-01 00:00:00,2.44,64.54
1966-10-01 00:00:00,1.67,52.83
1966-11-01 00:00:00,2.01,43.21
1966-12-01 00:00:00,2.54,32.68
1967-01-01 00:00:00,2.15,33.1
1967-02-01 00:00:00,1.42,32.88
1967-03-01 00:00:00,1.92,43.63
1967-04-01 00:00:00,2.67,51.01
1967-05-01 00:00:00,2.96,57.63
1967-06-01 00:00:00,3.58,67.55
1967-07-01 00:00:00,2.89,72.52
1967-08-01 00:00:00,2.51,71.22
1967-09-01 00:00:00,2.49,64.06
1967-10-01 00:00:00,2.34,53.92
1967-11-01 00:00:00,1.61,41.54
1967-12-01 00:00:00,3.06,32.07
1968-01-01 00:00:00,2.17,28.94
1968-02-01 00:00:00,1.48,32.92
1968-03-01 00:00:00,2.16,43.56
1968-04-01 00:00:00,2.46,50.58
1968-05-01 00:00:00,3.33,58.17
1968-06-01 00:00:00,3.12,68.5
1968-07-01 00:00:00,2.77,72.86
1968-08-01 00:00:00,2.88,70.59
1968-09-01 00:00:00,2.31,63.9
1968-10-01 00:00:00,2.07,54.64
1968-11-01 00:00:00,2.82,41.14
1968-12-01 00:00:00,2.82,30.04
1969-01-01 00:00:00,3.01,29.37
1969-02-01 00:00:00,2.23,32.81
1969-03-01 00:00:00,1.89,36.03
1969-04-01 00:00:00,2.6,52.63
1969-05-01 00:00:00,2.66,61.41
1969-06-01 00:00:00,3.31,66.83
1969-07-01 00:00:00,3.09,74.1
1969-08-01 00:00:00,2.31,73.22
1969-09-01 00:00:00,2.3,65.55
1969-10-01 00:00:00,2.7,51.03
1969-11-01 00:00:00,1.59,41.59
1969-12-01 00:00:00,2.94,33.46
1970-01-01 00:00:00,2.09,27.14
1970-02-01 00:00:00,1.63,35.35
1970-03-01 00:00:00,2.68,38.5
1970-04-01 00:00:00,2.78,49.44
1970-05-01 00:00:00,2.61,61.07
1970-06-01 00:00:00,2.77,68.74
1970-07-01 00:00:00,2.41,73.96
1970-08-01 00:00:00,2.37,73.38
1970-09-01 00:00:00,3.06,64.58
1970-10-01 00:00:00,2.88,52.27
1970-11-01 00:00:00,2.2,41.31
1970-12-01 00:00:00,2.22,33.58
1971-01-01 00:00:00,2.03,29.41
1971-02-01 00:00:00,2.37,33.48
1971-03-01 00:00:00,2.08,39.65
1971-04-01 00:00:00,1.86,50.27
1971-05-01 00:00:00,2.92,58.26
1971-06-01 00:00:00,2.53,69.44
1971-07-01 00:00:00,3.0,72.36
1971-08-01 00:00:00,2.75,72.01
1971-09-01 00:00:00,2.83,64.33
1971-10-01 00:00:00,2.73,55.08
1971-11-01 00:00:00,2.03,41.61
1971-12-01 00:00:00,3.2,33.98
1972-01-01 00:00:00,2.33,29.93
1972-02-01 00:00:00,1.8,33.55
1972-03-01 00:00:00,2.13,44.04
1972-04-01 00:00:00,2.26,50.81
1972-05-01 00:00:00,2.95,60.53
1972-06-01 00:00:00,3.1,68.22
1972-07-01 00:00:00,2.93,72.18
1972-08-01 00:00:00,2.64,71.67
1972-09-01 00:00:00,2.74,64.44
1972-10-01 00:00:00,2.75,52.29
1972-11-01 00:00:00,3.05,38.93
1972-12-01 00:00:00,3.02,29.86
1973-01-01 00:00:00,2.48,29.59
1973-02-01 00:00:00,1.96,33.58
1973-03-01 00:00:00,4.0,44.29
1973-04-01 00:00:00,3.33,48.83
1973-05-01 00:00:00,3.03,59.23
1973-06-01 00:00:00,3.05,68.95
1973-07-01 00:00:00,2.96,73.26
1973-08-01 00:00:00,2.06,72.61
1973-09-01 00:00:00,3.46,64.4
1973-10-01 00:00:00,2.37,56.07
1973-11-01 00:00:00,3.17,42.93
1973-12-01 00:00:00,3.09,33.71
1974-01-01 00:00:00,3.15,31.01
1974-02-01 00:00:00,1.68,34.74
1974-03-01 00:00:00,2.63,44.38
1974-04-01 00:00:00,2.55,51.55
1974-05-01 00:00:00,3.07,60.37
1974-06-01 00:00:00,2.64,68.49
1974-07-01 00:00:00,2.14,74.08
1974-08-01 00:00:00,3.43,70.3
1974-09-01 00:00:00,2.72,62.31
1974-10-01 00:00:00,2.01,53.89
1974-11-01 00:00:00,2.18,42.39
1974-12-01 00:00:00,2.42,33.66
1975-01-01 00:00:00,2.61,32.34
1975-02-01 00:00:00,2.61,32.76
1975-03-01 00:00:00,3.4,38.7
1975-04-01 00:00:00,2.67,46.85
1975-05-01 00:00:00,3.28,60.35
1975-06-01 00:00:00,3.31,67.51
1975-07-01 00:00:00,2.97,73.56
1975-08-01 00:00:00,2.83,71.53
1975-09-01 00:00:00,2.66,62.89
1975-10-01 00:00:00,2.3,54.63
1975-11-01 00:00:00,2.28,42.6
1975-12-01 00:00:00,2.11,34.29
1976-01-01 00:00:00,1.76,29.93
1976-02-01 00:00:00,1.89,39.56
1976-03-01 00:00:00,2.57,42.31
1976-04-01 00:00:00,2.29,51.85
1976-05-01 00:00:00,2.93,59.04
1976-06-01 00:00:00,2.77,67.8
1976-07-01 00:00:00,2.74,72.9
1976-08-01 00:00:00,2.0,70.66
1976-09-01 00:00:00,2.45,64.18
1976-10-01 00:00:00,2.44,50.0
1976-11-01 00:00:00,1.11,38.48
1976-12-01 00:00:00,1.36,30.92
1977-01-01 00:00:00,1.58,23.09
1977-02-01 00:00:00,1.23,36.03
1977-03-01 00:00:00,3.1,43.18
1977-04-01 00:00:00,2.27,54.07
1977-05-01 00:00:00,2.67,61.66
1977-06-01 00:00:00,2.49,70.34
1977-07-01 00:00:00,2.56,74.43
1977-08-01 00:00:00,3.55,71.78
1977-09-01 00:00:00,3.22,65.93
1977-10-01 00:00:00,2.19,53.98
1977-11-01 00:00:00,2.86,42.87
1977-12-01 00:00:00,2.72,33.28
1978-01-01 00:00:00,3.18,25.86
1978-02-01 00:00:00,1.77,27.99
1978-03-01 00:00:00,2.26,41.31
1978-04-01 00:00:00,2.54,51.58
1978-05-01 00:00:00,3.64,59.74
1978-06-01 00:00:00,2.55,68.94
1978-07-01 00:00:00,2.75,73.8
1978-08-01 00:00:00,2.77,71.8
1978-09-01 00:00:00,2.44,65.84
1978-10-01 00:00:00,1.11,54.41
1978-11-01 00:00:00,2.6,41.47
1978-12-01 00:00:00,2.53,29.8
1979-01-01 00:00:00,3.31,21.9
1979-02-01 00:00:00,2.6,28.13
1979-03-01 00:00:00,2.8,42.06
1979-04-01 00:00:00,3.07,50.14
1979-05-01 00:00:00,3.23,59.13
1979-06-01 00:00:00,2.54,67.82
1979-07-01 00:00:00,3.3,73.13
1979-08-01 00:00:00,2.99,70.97
1979-09-01 00:00:00,2.51,66.09
1979-10-01 00:00:00,2.2,55.26
1979-11-01 00:00:00,2.34,39.94
1979-12-01 00:00:00,1.86,36.03
1980-01-01 00:00:00,2.65,31.12
1980-02-01 00:00:00,1.92,32.85
1980-03-01 00:00:00,3.39,39.36
1980-04-01 00:00:00,2.38,51.44
1980-05-01 00:00:00,3.09,60.28
1980-06-01 00:00:00,2.31,68.74
1980-07-01 00:00:00,1.97,75.76
1980-08-01 00:00:00,2.57,72.79
1980-09-01 00:00:00,2.79,66.24
1980-10-01 00:00:00,1.87,52.59
1980-11-01 00:00:00,1.76,42.31
1980-12-01 00:00:00,1.57,35.19
1981-01-01 00:00:00,0.98,32.41
1981-02-01 00:00:00,2.17,36.59
1981-03-01 00:00:00,2.21,42.85
1981-04-01 00:00:00,2.19,55.13
1981-05-01 00:00:00,3.55,58.96
1981-06-01 00:00:00,3.41,69.82
1981-07-01 00:00:00,3.09,73.96
1981-08-01 00:00:00,2.76,72.1
1981-09-01 00:00:00,2.08,64.92
1981-10-01 00:00:00,3.1,52.32
1981-11-01 00:00:00,2.01,44.74
1981-12-01 00:00:00,2.41,33.66
1982-01-01 00:00:00,2.84,26.22
1982-02-01 00:00:00,2.23,32.59
1982-03-01 00:00:00,2.51,42.03
1982-04-01 00:00:00,2.52,48.63
1982-05-01 00:00:00,3.42,60.8
1982-06-01 00:00:00,3.31,66.33
1982-07-01 00:00:00,2.95,73.2
1982-08-01 00:00:00,2.55,72.09
1982-09-01 00:00:00,2.45,64.04
1982-10-01 00:00:00,2.33,53.26
1982-11-01 00:00:00,2.99,41.13
1982-12-01 00:00:00,3.76,35.82
1983-01-01 00:00:00,2.08,33.12
1983-02-01 00:00:00,2.68,36.86
1983-03-01 00:00:00,3.7,42.4
1983-04-01 00:00:00,3.2,47.01
1983-05-01 00:00:00,3.47,57.94
1983-06-01 00:00:00,2.95,67.1
1983-07-01 00:00:00,2.08,73.99
1983-08-01 00:00:00,2.37,75.06
1983-09-01 00:00:00,2.26,65.59
1983-10-01 00:00:00,2.61,55.0
1983-11-01 00:00:00,3.92,43.03
1983-12-01 00:00:00,3.44,25.47
1984-01-01 00:00:00,1.35,28.83
1984-02-01 00:00:00,2.11,37.38
1984-03-01 00:00:00,2.75,40.08
1984-04-01 00:00:00,2.95,49.6
1984-05-01 00:00:00,3.15,60.08
1984-06-01 00:00:00,2.93,68.61
1984-07-01 00:00:00,2.83,73.17
1984-08-01 00:00:00,2.43,73.13
1984-09-01 00:00:00,1.91,63.14
1984-10-01 00:00:00,3.65,53.6
1984-11-01 00:00:00,2.85,41.54
1984-12-01 00:00:00,2.49,34.54
1985-01-01 00:00:00,1.42,26.31
1985-02-01 00:00:00,2.1,30.87
1985-03-01 00:00:00,2.48,43.48
1985-04-01 00:00:00,1.97,54.36
1985-05-01 00:00:00,2.55,62.08
1985-06-01 00:00:00,2.62,68.11
1985-07-01 00:00:00,2.72,74.05
1985-08-01 00:00:00,2.93,71.02
1985-09-01 00:00:00,3.0,62.73
1985-10-01 00:00:00,3.18,54.3
1985-11-01 00:00:00,3.54,39.51
1985-12-01 00:00:00,1.46,28.81
1986-01-01 00:00:00,1.45,34.68
1986-02-01 00:00:00,2.82,35.85
1986-03-01 00:00:00,1.98,46.18
1986-04-01 00:00:00,2.24,52.86
1986-05-01 00:00:00,2.95,61.09
1986-06-01 00:00:00,3.03,70.41
1986-07-01 00:00:00,2.75,73.51
1986-08-01 00:00:00,2.82,71.73
1986-09-01 00:00:00,3.59,63.7
1986-10-01 00:00:00,2.81,54.01
1986-11-01 00:00:00,2.94,41.4
1986-12-01 00:00:00,2.0,34.43
1987-01-01 00:00:00,2.17,31.44
1987-02-01 00:00:00,2.33,37.38
1987-03-01 00:00:00,2.67,42.57
1987-04-01 00:00:00,1.46,53.53
1987-05-01 00:00:00,3.24,62.96
1987-06-01 00:00:00,2.81,70.25
1987-07-01 00:00:00,2.83,73.27
1987-08-01 00:00:00,2.74,71.87
1987-09-01 00:00:00,2.19,65.25
1987-10-01 00:00:00,1.15,52.95
1987-11-01 00:00:00,2.55,43.97
1987-12-01 00:00:00,2.87,34.54
1988-01-01 00:00:00,1.97,27.79
1988-02-01 00:00:00,1.52,33.69
1988-03-01 00:00:00,2.04,42.4
1988-04-01 00:00:00,2.32,51.82
1988-05-01 00:00:00,2.07,61.21
1988-06-01 00:00:00,1.61,70.88
1988-07-01 00:00:00,2.7,74.79
1988-08-01 00:00:00,2.57,73.67
1988-09-01 00:00:00,2.81,64.6
1988-10-01 00:00:00,1.43,53.96
1988-11-01 00:00:00,3.17,43.29
1988-12-01 00:00:00,1.69,33.46
1989-01-01 00:00:00,2.05,34.09
1989-02-01 00:00:00,2.01,29.17
1989-03-01 00:00:00,2.91,42.67
1989-04-01 00:00:00,1.79,52.88
1989-05-01 00:00:00,3.26,60.46
1989-06-01 00:00:00,3.8,68.13
1989-07-01 00:00:00,2.86,74.23
1989-08-01 00:00:00,2.73,71.31
1989-09-01 00:00:00,2.68,64.08
1989-10-01 00:00:00,1.89,54.34
1989-11-01 00:00:00,1.73,42.93
1989-12-01 00:00:00,1.34,27.73
1990-01-01 00:00:00,2.79,36.5
1990-02-01 00:00:00,2.68,36.7
1990-03-01 00:00:00,2.71,44.74
1990-04-01 00:00:00,2.49,52.52
1990-05-01 00:00:00,3.83,58.86
1990-06-01 00:00:00,2.5,70.23
1990-07-01 00:00:00,2.94,73.26
1990-08-01 00:00:00,2.65,72.28
1990-09-01 00:00:00,2.04,67.35
1990-10-01 00:00:00,2.76,53.98
1990-11-01 00:00:00,2.09,44.92
1990-12-01 00:00:00,2.69,30.83
1991-01-01 00:00:00,2.37,29.48
1991-02-01 00:00:00,1.64,39.81
1991-03-01 00:00:00,3.33,43.32
1991-04-01 00:00:00,3.35,52.54
1991-05-01 00:00:00,3.72,61.97
1991-06-01 00:00:00,2.84,69.08
1991-07-01 00:00:00,2.7,73.89
1991-08-01 00:00:00,2.6,72.99
1991-09-01 00:00:00,2.53,64.9
1991-10-01 00:00:00,2.1,54.75
1991-11-01 00:00:00,2.49,39.43
1991-12-01 00:00:00,2.77,35.74
1992-01-01 00:00:00,2.08,33.62
1992-02-01 00:00:00,2.32,39.7
1992-03-01 00:00:00,2.51,44.71
1992-04-01 00:00:00,2.06,52.54
1992-05-01 00:00:00,2.29,61.16
1992-06-01 00:00:00,3.39,67.44
1992-07-01 00:00:00,3.65,71.22
1992-08-01 00:00:00,2.9,69.84
1992-09-01 00:00:00,2.33,64.67
1992-10-01 00:00:00,1.67,54.54
1992-11-01 00:00:00,3.27,40.06
1992-12-01 00:00:00,2.79,31.75
1993-01-01 00:00:00,3.2,30.47
1993-02-01 00:00:00,2.18,31.14
1993-03-01 00:00:00,2.85,41.79
1993-04-01 00:00:00,2.92,49.91
1993-05-01 00:00:00,2.94,60.89
1993-06-01 00:00:00,3.61,67.21
1993-07-01 00:00:00,3.3,72.16
1993-08-01 00:00:00,2.77,71.89
1993-09-01 00:00:00,2.58,63.3
1993-10-01 00:00:00,2.19,52.97
1993-11-01 00:00:00,2.12,39.22
1993-12-01 00:00:00,1.96,34.2
1994-01-01 00:00:00,2.24,29.34
1994-02-01 00:00:00,2.15,31.87
1994-03-01 00:00:00,2.36,44.51
1994-04-01 00:00:00,2.82,52.66
1994-05-01 00:00:00,2.43,60.67
1994-06-01 00:00:00,2.9,70.95
1994-07-01 00:00:00,3.09,73.62
1994-08-01 00:00:00,2.54,72.21
1994-09-01 00:00:00,2.14,65.55
1994-10-01 00:00:00,2.86,54.21
1994-11-01 00:00:00,2.9,42.57
1994-12-01 00:00:00,2.19,36.23
1995-01-01 00:00:00,3.18,33.08
1995-02-01 00:00:00,1.6,37.36
1995-03-01 00:00:00,2.99,43.34
1995-04-01 00:00:00,2.83,49.41
1995-05-01 00:00:00,4.1,58.64
1995-06-01 00:00:00,3.23,67.55
1995-07-01 00:00:00,2.65,73.54
1995-08-01 00:00:00,2.66,74.32
1995-09-01 00:00:00,2.2,64.69
1995-10-01 00:00:00,2.63,54.45
1995-11-01 00:00:00,2.37,42.04
1995-12-01 00:00:00,2.25,33.42
1996-01-01 00:00:00,2.82,29.7
1996-02-01 00:00:00,1.89,35.69
1996-03-01 00:00:00,2.24,39.02
1996-04-01 00:00:00,2.56,50.65
1996-05-01 00:00:00,3.32,60.98
1996-06-01 00:00:00,2.87,69.87
1996-07-01 00:00:00,3.12,73.63
1996-08-01 00:00:00,2.66,72.43
1996-09-01 00:00:00,3.44,63.46
1996-10-01 00:00:00,2.49,53.65
1996-11-01 00:00:00,3.0,39.63
1996-12-01 00:00:00,3.29,33.91
1997-01-01 00:00:00,2.81,29.95
1997-02-01 00:00:00,2.39,36.05
1997-03-01 00:00:00,2.44,44.67
1997-04-01 00:00:00,2.99,47.91
1997-05-01 00:00:00,2.78,59.4
1997-06-01 00:00:00,3.4,68.31
1997-07-01 00:00:00,2.71,73.18
1997-08-01 00:00:00,2.68,71.74
1997-09-01 00:00:00,2.54,66.42
1997-10-01 00:00:00,2.52,53.92
1997-11-01 00:00:00,2.29,40.87
1997-12-01 00:00:00,2.31,34.0
1998-01-01 00:00:00,3.36,34.99
1998-02-01 00:00:00,3.32,38.71
1998-03-01 00:00:00,3.23,41.34
1998-04-01 00:00:00,2.57,51.06
1998-05-01 00:00:00,2.62,62.47
1998-06-01 00:00:00,3.32,68.13
1998-07-01 00:00:00,2.86,75.49
1998-08-01 00:00:00,2.42,74.03
1998-09-01 00:00:00,2.51,68.99
1998-10-01 00:00:00,2.97,55.13
1998-11-01 00:00:00,2.63,44.91
1998-12-01 00:00:00,2.08,35.55
1999-01-01 00:00:00,3.13,33.78
1999-02-01 00:00:00,1.92,39.49
1999-03-01 00:00:00,2.19,42.8
1999-04-01 00:00:00,2.87,51.55
1999-05-01 00:00:00,2.91,60.06
1999-06-01 00:00:00,3.31,68.31
1999-07-01 00:00:00,2.58,74.3
1999-08-01 00:00:00,2.3,72.91
1999-09-01 00:00:00,2.52,64.35
1999-10-01 00:00:00,1.57,54.75
1999-11-01 00:00:00,1.44,48.11
1999-12-01 00:00:00,1.73,36.1
2000-01-01 00:00:00,2.14,33.57
2000-02-01 00:00:00,2.12,39.78
2000-03-01 00:00:00,2.44,46.04
2000-04-01 00:00:00,2.32,52.59
2000-05-01 00:00:00,2.66,63.14
2000-06-01 00:00:00,3.45,69.03
2000-07-01 00:00:00,2.3,73.87
2000-08-01 00:00:00,1.91,74.05
2000-09-01 00:00:00,2.18,65.57
2000-10-01 00:00:00,2.26,55.09
2000-11-01 00:00:00,2.73,38.03
2000-12-01 00:00:00,1.71,28.44
2001-01-01 00:00:00,1.85,31.35
2001-02-01 00:00:00,2.21,33.98
2001-03-01 00:00:00,2.57,41.49
2001-04-01 00:00:00,2.1,53.08
2001-05-01 00:00:00,2.78,62.82
2001-06-01 00:00:00,3.12,69.24
2001-07-01 00:00:00,2.72,74.48
2001-08-01 00:00:00,2.41,74.3
2001-09-01 00:00:00,2.45,65.7
2001-10-01 00:00:00,2.06,54.37
2001-11-01 00:00:00,2.39,47.41
2001-12-01 00:00:00,2.36,36.12
2002-01-01 00:00:00,2.01,34.48
2002-02-01 00:00:00,1.32,36.39
2002-03-01 00:00:00,2.59,39.54
2002-04-01 00:00:00,2.26,53.49
2002-05-01 00:00:00,2.64,59.29
2002-06-01 00:00:00,2.56,70.86
2002-07-01 00:00:00,2.6,75.85
2002-08-01 00:00:00,2.4,72.86
2002-09-01 00:00:00,2.72,66.85
2002-10-01 00:00:00,3.01,51.84
2002-11-01 00:00:00,1.94,41.97
2002-12-01 00:00:00,3.0,35.08
2003-01-01 00:00:00,1.33,32.81
2003-02-01 00:00:00,2.57,32.79
2003-03-01 00:00:00,2.48,43.3
2003-04-01 00:00:00,2.63,51.89
2003-05-01 00:00:00,3.27,60.98
2003-06-01 00:00:00,3.45,68.05
2003-07-01 00:00:00,2.64,75.47
2003-08-01 00:00:00,2.56,74.66
2003-09-01 00:00:00,2.82,64.96
2003-10-01 00:00:00,1.83,56.55
2003-11-01 00:00:00,2.55,42.35
2003-12-01 00:00:00,2.38,35.29
2004-01-01 00:00:00,1.97,30.34
2004-02-01 00:00:00,2.45,33.57
2004-03-01 00:00:00,2.01,47.41
2004-04-01 00:00:00,2.5,52.68
2004-05-01 00:00:00,3.34,61.92
2004-06-01 00:00:00,3.51,68.09
2004-07-01 00:00:00,3.05,72.9
2004-08-01 00:00:00,3.04,70.16
2004-09-01 00:00:00,2.98,65.66
2004-10-01 00:00:00,3.04,55.36
2004-11-01 00:00:00,3.18,43.99
2004-12-01 00:00:00,2.18,35.06
2005-01-01 00:00:00,2.7,33.39
2005-02-01 00:00:00,2.06,37.94
2005-03-01 00:00:00,2.34,42.31
2005-04-01 00:00:00,2.57,52.27
2005-05-01 00:00:00,2.76,59.56
2005-06-01 00:00:00,3.14,69.21
2005-07-01 00:00:00,2.7,75.31
2005-08-01 00:00:00,2.99,73.2
2005-09-01 00:00:00,1.94,67.37
2005-10-01 00:00:00,2.37,55.38
2005-11-01 00:00:00,2.22,45.01
2005-12-01 00:00:00,2.29,32.7
2006-01-01 00:00:00,2.61,38.93
2006-02-01 00:00:00,1.52,34.83
2006-03-01 00:00:00,2.31,42.62
2006-04-01 00:00:00,2.54,55.26
2006-05-01 00:00:00,2.29,62.28
2006-06-01 00:00:00,2.56,70.75
2006-07-01 00:00:00,2.46,76.41
2006-08-01 00:00:00,2.8,73.4
2006-09-01 00:00:00,2.8,63.3
2006-10-01 00:00:00,2.9,52.59
2006-11-01 00:00:00,2.46,44.08
2006-12-01 00:00:00,2.57,36.57
2007-01-01 00:00:00,2.22,31.35
2007-02-01 00:00:00,1.76,32.41
2007-03-01 00:00:00,2.31,47.66
2007-04-01 00:00:00,2.49,50.54
2007-05-01 00:00:00,2.75,62.33
2007-06-01 00:00:00,2.91,69.87
2007-07-01 00:00:00,2.88,74.7
2007-08-01 00:00:00,2.6,74.64
2007-09-01 00:00:00,2.17,66.43
2007-10-01 00:00:00,2.72,56.68
2007-11-01 00:00:00,1.4,44.01
2007-12-01 00:00:00,2.97,33.22
2008-01-01 00:00:00,2.21,30.27
2008-02-01 00:00:00,2.47,34.7
2008-03-01 00:00:00,2.52,41.86
2008-04-01 00:00:00,2.54,50.4
2008-05-01 00:00:00,3.0,59.36
2008-06-01 00:00:00,3.0,69.6
2008-07-01 00:00:00,2.8,74.08
2008-08-01 00:00:00,3.05,72.28
2008-09-01 00:00:00,2.68,65.21
2008-10-01 00:00:00,2.18,53.98
2008-11-01 00:00:00,1.95,43.92
2008-12-01 00:00:00,2.84,31.87
2009-01-01 00:00:00,1.6,31.05
2009-02-01 00:00:00,1.55,36.77
2009-03-01 00:00:00,2.7,42.87
2009-04-01 00:00:00,2.83,50.92
2009-05-01 00:00:00,3.31,61.65
2009-06-01 00:00:00,3.01,68.54
2009-07-01 00:00:00,3.07,72.63
2009-08-01 00:00:00,2.69,71.89
2009-09-01 00:00:00,2.54,66.38
2009-10-01 00:00:00,4.29,50.5
2009-11-01 00:00:00,1.63,45.84
2009-12-01 00:00:00,3.08,29.64
2010-01-01 00:00:00,2.62,30.67
2010-02-01 00:00:00,2.01,31.8
2010-03-01 00:00:00,2.3,43.57
2010-04-01 00:00:00,2.38,53.24
2010-05-01 00:00:00,3.32,59.88
2010-06-01 00:00:00,3.49,70.48
2010-07-01 00:00:00,3.32,74.71
2010-08-01 00:00:00,2.51,74.05
2010-09-01 00:00:00,2.78,66.49
2010-10-01 00:00:00,1.97,56.14
2010-11-01 00:00:00,2.22,42.31
2010-12-01 00:00:00,2.45,32.47
2011-01-01 00:00:00,1.65,29.71
2011-02-01 00:00:00,1.98,33.04
2011-03-01 00:00:00,2.91,43.07
2011-04-01 00:00:00,3.42,51.96
2011-05-01 00:00:00,3.43,59.13
2011-06-01 00:00:00,2.58,69.82
2011-07-01 00:00:00,2.44,76.14
2011-08-01 00:00:00,2.34,75.0
2011-09-01 00:00:00,2.48,66.09
2011-10-01 00:00:00,2.14,55.09
2011-11-01 00:00:00,2.47,43.75
2011-12-01 00:00:00,2.26,35.4
2012-01-01 00:00:00,2.09,36.12
2012-02-01 00:00:00,1.85,37.51
2012-03-01 00:00:00,2.87,50.41
2012-04-01 00:00:00,2.23,54.68
2012-05-01 00:00:00,2.5,63.45
2012-06-01 00:00:00,2.24,70.54
2012-07-01 00:00:00,2.51,76.77
2012-08-01 00:00:00,2.47,73.8
2012-09-01 00:00:00,2.34,66.31
2012-10-01 00:00:00,2.23,53.89
2012-11-01 00:00:00,1.32,44.01
2012-12-01 00:00:00,2.88,35.92
2013-01-01 00:00:00,2.37,32.25
2013-02-01 00:00:00,2.02,34.77
2013-03-01 00:00:00,1.72,40.91
2013-04-01 00:00:00,2.9,49.68
2013-05-01 00:00:00,3.35,60.85
2013-06-01 00:00:00,3.34,70.39
2013-07-01 00:00:00,3.34,74.21
2013-08-01 00:00:00,2.56,72.99
2013-09-01 00:00:00,2.98,66.96
2013-10-01 00:00:00,2.23,53.44
2013-11-01 00:00:00,2.04,41.61
2013-12-01 00:00:00,2.21,31.06
2014-01-01 00:00:00,1.37,30.56
2014-02-01 00:00:00,2.25,32.13
2014-03-01 00:00:00,2.37,40.51
2014-04-01 00:00:00,2.88,51.69
2014-05-01 00:00:00,2.81,61.27
2014-06-01 00:00:00,3.67,69.58
2014-07-01 00:00:00,2.6,73.29
2014-08-01 00:00:00,3.13,72.25
2014-09-01 00:00:00,2.64,66.2
2014-10-01 00:00:00,2.42,56.93
2014-11-01 00:00:00,2.13,39.25
2014-12-01 00:00:00,2.58,36.81
2015-01-01 00:00:00,1.83,33.08
2015-02-01 00:00:00,1.74,32.99
2015-03-01 00:00:00,2.13,45.39
2015-04-01 00:00:00,2.83,53.24
2015-05-01 00:00:00,4.44,60.84
2015-06-01 00:00:00,3.55,71.37
2015-07-01 00:00:00,3.23,73.92
2015-08-01 00:00:00,2.41,72.95
2015-09-01 00:00:00,2.12,68.54
2015-10-01 00:00:00,2.9,57.24
2015-11-01 00:00:00,3.35,44.6
2015-12-01 00:00:00,4.06,38.66
2016-01-01 00:00:00,2.04,32.22
2016-02-01 00:00:00,1.93,39.47
2016-03-01 00:00:00,2.92,47.5
2016-04-01 00:00:00,3.0,53.19
2016-05-01 00:00:00,3.07,60.33
2016-06-01 00:00:00,2.48,71.76
2016-07-01 00:00:00,2.92,75.22
2016-08-01 00:00:00,3.47,73.53
2016-09-01 00:00:00,2.73,67.12
2016-10-01 00:00:00,2.39,57.72
2016-11-01 00:00:00,1.75,47.97
2016-12-01 00:00:00,2.72,32.95
2017-01-01 00:00:00,3.24,33.57
2017-02-01 00:00:00,2.25,41.18
2017-03-01 00:00:00,2.59,46.15
2017-04-01 00:00:00,3.5,53.8
2017-05-01 00:00:00,3.36,60.57
2017-06-01 00:00:00,3.07,70.36
2017-07-01 00:00:00,2.8,75.7
2017-08-01 00:00:00,3.42,72.01
2017-09-01 00:00:00,2.27,66.27
2017-10-01 00:00:00,2.6,55.69
2017-11-01 00:00:00,1.62,45.03
2017-12-01 00:00:00,1.59,34.29
2018-01-01 00:00:00,1.85,32.16
2018-02-01 00:00:00,2.88,35.51
2018-03-01 00:00:00,2.48,42.73
2018-04-01 00:00:00,2.47,49.01
2018-05-01 00:00:00,3.02,65.52
2018-06-01 00:00:00,3.15,71.55
2018-07-01 00:00:00,2.86,75.45
2018-08-01 00:00:00,2.99,73.51
2018-09-01 00:00:00,3.57,67.55
2018-10-01 00:00:00,3.42,53.73
2018-11-01 00:00:00,2.71,40.06
2018-12-01 00:00:00,3.23,35.58
2019-01-01 00:00:00,2.49,32.67
